25,
61,Welcome back to Yoga For Complete Beginner
62,Welcome back to Yoga For Back Pain Relief
64,Welcome back to 30 Days Of Yoga
68,welcome back to yoga for weight loss
69,Welcome back to Perfect morning yoga
74,welcome back to yoga for better flexibility
76,welcome came back to yoga for older adults
79,Welcome back to Yoga For Women
82,Welcome back to Prenatal Yoga
84,Welcome Back To Yoga For Upper Body Strength
85,welcome back to yoga for bed time
88,Welcome back to Chair Yoga
90,Welcome back to 30 Days Of Balancing Yoga
96,
97,
99,
102,
105,
106,
107,
109,
112,
113,
115,
116,
123,
124,
125,
126,
127,
