129,REST
171,EASY POSE
172,CORPSE POSE
173,CHILD'S POSE
174,HALF WIND RELIEVING POSE (LEFT)
175,HALF WIND RELIEVING POSE (RIGHT)
176,MOUNTAIN POSE
177,UPWARD TREE POSE
178,DOWNWARD DOG
179,CAT CAMEL POSE
180,STANDING SIDE BEND
181,DOWNWARD DOG (DYNAMIC)
182,LOW LUNGE (LEFT)
183,LOW LUNGE (RIGHT)
184,COBRA POSE
185,SEATED TWIST (LEFT)
186,SEATED TWIST (RIGHT)
187,TREE POSE (LEFT)
188,TREE POSE (RIGHT)
189,PRAYER POSE
190,WARRIOR 1 POSE (LEFT)
191,WARRIOR 1 POSE (RIGHT)
192,PLANK POSE (FULL)
193,ROCKING PLANK
194,UPWARD TREE POSE (DYNAMIC)
195,SINGLE LEG DOWNWARD DOG (LEFT)
196,SINGLE LEG DOWNWARD DOG (RIGHT)
197,WARRIOR 2 POSE (LEFT)
198,WARRIOR 2 POSE (RIGHT)
200,EXTENDED SIDE ANGLE POSE (LEFT)
201,EXTENDED SIDE ANGLE POSE (RIGHT)
202,SPINE ROLL
203,BOUND ANGLE POSE
204,THREAD THE NEEDLE POSE (LEFT)
205,THREAD THE NEEDLE POSE (RIGHT)
206,EXTENDED TRIANGLE POSE (LEFT)
207,EXTENDED TRIANGLE POSE (RIGHT)
208,SEATED SPINAL TWIST (LEFT)
209,SEATED SPINAL TWIST (RIGHT)
210,LYING SPINAL TWIST (LEFT)
211,LYING SPINAL TWIST (RIGHT)
212,STANDING FORWARD BEND
213,SEATED NECK STRETCH
214,SEATED CHEST EXPANSION
215,WIND RELIEVING POSE
216,PLANK POSE
217,CHAIR POSE
219,BOW POSE
220,BALANCING TABLE POSE (LEFT)
221,BALANCING TABLE POSE (RIGHT)
222,BRIDGE POSE
223,CAMEL POSE
224,LOCUST POSE
225,SEATED SIDE BEND (LEFT)
226,SEATED SIDE BEND (RIGHT)
227,WARRIOR 3 POSE (LEFT)
228,SEATED FORWARD BEND
229,STAFF POSE
230,EXTENDED PUPPY POSE
231,HALF BOAT POSE
232,WARRIOR 3 POSE (RIGHT)
233,EAGLE POSE (LEFT)
234,EAGLE POSE (RIGHT)
235,CAT POSE
236,LOTUS POSE (LEFT)
237,LOTUS POSE (RIGHT)
238,COW FACE POSE (LEFT)
239,COW FACE POSE (RIGHT)
240,FISH POSE
241,ACCOMPLISHED POSE
242,FIRE HYDRANT POSE (LEFT)
243,FIRE HYDRANT POSE (RIGHT)
347,REST
434,REST FOR TIMER
524,INTENSE SIDE STRETCH (LEFT)
525,INTENSE SIDE STRETCH (RIGHT)
526,HAPPY BABY POSE
527,GARLAND POSE
528,STANDING HALF FORWARD BEND
529,SUPINE PIGEON POSE (LEFT)
530,SUPINE PIGEON POSE (RIGHT)
531,ONE-LEGGED-PIGEON POSE (LEFT)
532,ONE-LEGGED-PIGEON POSE (RIGHT)
533,HERO POSE
534,STANDING BACK BEND
535,HALF PYRAMID POSE (LEFT)
536,HALF PYRAMID POSE (RIGHT)
537,SUPINE BOUND ANGLE POSE
538,FIVE POINTED STAR POSE
539,HEAD-TO-KNEE FORWARD BEND (LEFT)
540,HEAD-TO-KNEE FORWARD BEND (RIGHT)
541,PRAYER TWIST (LEFT)
542,PRAYER TWIST (RIGHT)
543,PYRAMID POSE (LEFT)
544,PYRAMID POSE (RIGHT)
545,MERMAID STRETCH (LEFT)
546,MERMAID STRETCH (RIGHT)
547,SEATED ARM RAISES
548,HIGH LUNGE TWIST (RIGHT)
549,HIGH LUNGE TWIST (LEFT)
550,EXTENDED ONE-LEGGED PIGEON (LEFT)
551,EXTENDED ONE-LEGGED PIGEON (RIGHT)
552,KNEE ROLL
553,SEATED ARM STRETCH (LEFT)
554,SEATED ARM STRETCH (RIGHT)
555,FOUR-LIMBED STAFF POSE
556,BALANCING TABLE POSE DYNAMIC (LEFT)
557,BALANCING TABLE POSE DYNAMIC (RIGHT)
558,SUPINE HERO POSE
559,DOWNWARD FACING FROG
560,SEATED EAGLE POSE (LEFT)
561,SEATED EAGLE POSE (RIGHT)
562,FLYING TABLE TOP POSE
563,UPWARD FACING DOG
564,HALF CIRCLE POSE (LEFT)
565,HALF CIRCLE POSE (RIGHT)
566,CHAIR TWIST (LEFT)
567,CHAIR TWIST (RIGHT)
568,REVERSE WARRIOR POSE (LEFT)
569,REVERSE WARRIOR POSE (RIGHT)
570,STANDING YOGA SEAL
571,REVOLVED TRIANGLE POSE (LEFT)
572,REVOLVED TRIANGLE POSE (RIGHT)
654,REST FOR FACE
778,HALF BOUND LOTUS FORWARD BEND (LEFT)
779,HALF BOUND LOTUS FORWARD BEND (RIGHT)
780,LEGS UP THE WALL
781,MARICHYASANA A (LEFT)
782,MARICHYASANA A (RIGHT)
783,MARICHYASANA C (LEFT)
784,MARICHYASANA C (RIGHT)
785,NAVASANA
786,RECLINED SIDE TWIST (LEFT)
787,RECLINED SIDE TWIST (RIGHT)
788,STANDING HALF LOTUS (LEFT)
789,STANDING HALF LOTUS (RIGHT)
790,UPWARD PLANK POSE
791,WIDE LEGGED FORWARD BEND A
910,ANTERIOR SHOULDER STRETCH
911,BACK STRETCH
912,BACK STRETCH (STANDING)
913,BACKWARD TRICEP PRESSES
914,CHICKEN WING STRETCH (LEFT)
915,CHICKEN WING STRETCH (RIGHT)
916,COOLDOWN STRETCH
917,CRUNCHED LEG DROP
918,EAR DROP STRETCH
920,FORWARD FOLD
922,FOUNDER POSE
923,FROG STRETCH
924,FRONT THIGH STRETCH (LEFT)
925,FRONT THIGH STRETCH (RIGHT)
926,GOOD MORNING
927,KNEELING OBLIQUE CRUNCHES (LEFT)
928,KNEELING OBLIQUE CRUNCHES (RIGHT)
929,LYING CHEST STRETCH (LEFT)
930,LYING CHEST STRETCH (RIGHT)
931,LYING QUAD STRETCH (LEFT)
932,LYING QUAD STRETCH (RIGHT)
933,NECK ROLLS
935,PRAYER PULSE CALF RAISES
936,REACH AND TWISTS
937,RING THE BELL
940,SEATED BUTTERFLY STRETCH
941,SEATED LEG STRETCH (LEFT)
942,SEATED LEG STRETCH (RIGHT)
943,SEATED STRADDLE STRETCHES
944,SKY SQUAT REACHES
948,STANDING HIP CIRCLES
950,TRUNK CIRCLES
1167,FIVE POINTED REST
1168,HEAD TO GROUND WITH ONE LEG CROSSES (LEFT)
1169,HEAD TO GROUND WITH ONE LEG CROSSES (RIGHT)
1170,WRIST STRETCH (LEFT)
1171,WRIST STRETCH (RIGHT)
1172,KNEELING MERMAIDS WITH TWIST (LEFT)
1173,KNEELING MERMAIDS WITH TWIST (RIGHT)
1174,LUNGES WITH ARMS WAVE (LEFT)
1175,LUNGES WITH ARMS WAVE (RIGHT)
1176,LYING SIDE BEND (LEFT)
1177,LYING SIDE BEND (RIGHT)
1178,OPPOSITE SIDE BEND WITH ONE LEG CROSSES (LEFT)
1179,OPPOSITE SIDE BEND WITH ONE LEG CROSSES (RIGHT)
1180,PLANK WITH OPPOSITE LEG AND ARM RAISES
1181,REVERSE ARM STRETCH
1183,SEATED ARMS CROSS
1184,SEATED LEG CROSS STRETCH (LEFT)
1185,SEATED LEG CROSS STRETCH (RIGHT)
1186,SINGLE LEG FLYING TABLE (LEFT)
1187,SINGLE LEG FLYING TABLE (RIGHT)
1188,STANDING LEG EXTENSION
1189,WIDE LEGGED FORWARD FOLD
1190,LEG EXTENSION (LEFT)
1191,LEG EXTENSION (RIGHT)
1284,BIRD DOG (DYNAMIC) (LEFT)
1285,BIRD DOG (DYNAMIC) (RIGHT)
1286,BIRD PARADISE (LEFT)
1287,BIRD PARADISE (RIGHT)
1288,CHEST STAND
1289,COMPLETE BOAT POSE
1292,DOWNWARD HIGH LUNGE WITH BACK STRETCH (LEFT)
1293,DOWNWARD HIGH LUNGE WITH BACK STRETCH (RIGHT)
1294,FROG POSE
1295,HALF PLOUGH POSE
1296,UPWARD HIGH LUNGE WITH BACK STRETCH (LEFT)
1297,UPWARD HIGH LUNGE WITH BACK STRETCH (RIGHT)
1298,KNEELING BACK STRETCH
1299,LOCUST FULL BODY UP
1300,LOCUST POSE ARMS UP (LEFT)
1301,LOCUST POSE ARMS UP (RIGHT)
1302,LOCUST POSE LEG UP (LEFT)
1303,LOCUST POSE LEG UP (RIGHT)
1304,PLANK SWIPE (LEFT)
1305,PLANK SWIPE (RIGHT)
1306,PRONE REST
1307,PRONE SHOULDER UP
1308,PRONE TWISTS (LEFT)
1309,PRONE TWISTS (RIGHT)
1310,REVERSE PLANK WITH KNEE TUCK
1311,RAISED LEG POSE (LEFT)
1312,RAISED LEG POSE (RIGHT)
1313,RAISED LEGS POSE
1314,SEATED ROLLING CRUNCHES
1317,SIDE SPLIT (LEFT)
1318,SIDE SPLIT (RIGHT)
1321,STANDING LEG STRETCH POSE (LEFT)
1322,STANDING LEG STRETCH POSE (RIGHT)
1323,STANDING PIGEON (LEFT)
1324,STANDING PIGEON (RIGHT)
1325,STANDING SPLIT (LEFT)
1326,STANDING SPLIT (RIGHT)
1327,SUPER LOCUST POSE (LEFT)
1328,SUPER LOCUST POSE (RIGHT)
1329,TABLETOP POSE
1330,THREE LEGGED HIP CIRCLES (LEFT)
1331,THREE LEGGED HIP CIRCLES (RIGHT)
1332,TWISTED HIGH LUNGE (LEFT)
1333,TWISTED HIGH LUNGE (RIGHT)
1334,UPWARD FACING FROG POSE
1335,YOGIC SQUAT
1940,HALF SPLITS TO UP HIP (LEFT)
1941,HALF SPLITS TO UP HIP (RIGHT)
2084,NECK CIRCLES (LEFT)
2085,NECK CIRCLES (RIGHT)
2086,CLAVICLE PRESSES
2087,FACE OS
2088,JAWLINE PINCHES
2089,NASOLABIAL LIFTS
2090,KNUCKLE CHEEK LIFTS
2091,FACE LIFTS
2092,FOREHEAD VERTICAL SLIDES
2093,FOREHEAD HORIZONTAL SLIDES
2094,FOREHEAD PRESSES
2095,TEMPLE SLIDES (LEFT)
2096,TEMPLE SLIDES (RIGHT)
2097,CHIN PUSH-UPS
2098,CHEEK LIFTS
2099,FACE MIDLINE LIFTS
2100,SIDE CHEEK LIFTS (LEFT)
2101,SIDE CHEEK LIFTS (RIGHT)
2102,UNDER EYE LIFTS
2103,BROW LIFTS
